INSERT INTO BRAND (name, country, city, founded_year, website) VALUES
('Ferrari', 'Italy', 'Maranello', 1947, 'ferrari.com'),
('Lamborghini', 'Italy', 'Sant Agata Bolognese', 1963, 'lamborghini.com'),
('Porsche', 'Germany', 'Stuttgart', 1931, 'porsche.com'),
('McLaren', 'UK', 'Woking', 1963, 'mclaren.com'),
('Bugatti', 'France', 'Molsheim', 1909, 'bugatti.com'),
('Aston Martin', 'UK', 'Gaydon', 1913, 'astonmartin.com'),
('Mercedes-Benz', 'Germany', 'Stuttgart', 1926, 'mercedes-benz.com'),
('BMW', 'Germany', 'Munich', 1916, 'bmw.com'),
('Maserati', 'Italy', 'Modena', 1914, 'maserati.com'),
('Alfa Romeo', 'Italy', 'Milan', 1910, 'alfaromeo.com'),
('Jaguar', 'UK', 'Coventry', 1922, 'jaguar.com'),
('Rolls-Royce', 'UK', 'Goodwood', 1904, 'rolls-roycemotorcars.com'),
('Bentley', 'UK', 'Crewe', 1919, 'bentleymotors.com'),
('Pagani', 'Italy', 'San Cesario sul Panaro', 1992, 'pagani.com'),
('Koenigsegg', 'Sweden', 'Ängelholm', 1994, 'koenigsegg.com'),
('Ford', 'USA', 'Dearborn', 1903, 'ford.com'),
('Chevrolet', 'USA', 'Detroit', 1911, 'chevrolet.com'),
('Toyota', 'Japan', 'Toyota City', 1937, 'toyota-global.com'),
('Nissan', 'Japan', 'Yokohama', 1933, 'nissan-global.com'),
('Lancia', 'Italy', 'Turin', 1906, 'lancia.com');

INSERT INTO DESIGNER (name, country, birth_year, notes) VALUES
('Marcello Gandini', 'Italy', 1938, 'Designed Miura and Countach.'),
('Gordon Murray', 'South Africa', 1946, 'Main designer of McLaren F1.'),
('Peter Stevens', 'UK', 1943, 'Exterior designer of McLaren F1.'),
('Giorgetto Giugiaro', 'Italy', 1938, 'Italdesign founder.'),
('Leonardo Fioravanti', 'Italy', 1938, 'Ferrari specialist.'),
('Ian Callum', 'UK', 1954, 'Aston Martin and Jaguar.'),
('Horacio Pagani', 'Argentina', 1955, 'Pagani founder.'),
('Sergio Scaglietti', 'Italy', 1920, 'Ferrari coachbuilder.'),
('Bruno Sacco', 'Italy', 1933, 'Mercedes-Benz legend.'),
('Malcolm Sayer', 'UK', 1916, 'Jaguar E-Type.'),
('Battista Pininfarina', 'Italy', 1893, 'Pininfarina founder.'),
('Ercole Spada', 'Italy', 1937, 'Zagato designer.'),
('Frank Stephenson', 'Morocco', 1959, 'Mini, Fiat, McLaren.'),
('Walter de Silva', 'Italy', 1951, 'Audi, Alfa Romeo.'),
('Peter Schreyer', 'Germany', 1953, 'Audi TT designer.'),
('Robert Opron', 'France', 1932, 'Citroen SM.'),
('Adrian Newey', 'UK', 1958, 'Valkyrie designer.'),
('Marek Reichman', 'UK', 1966, 'Aston Martin CCO.'),
('Ferdinand Porsche', 'Germany', 1935, 'Porsche 911.'),
('Shiro Nakamura', 'Japan', 1950, 'Nissan GT-R.');

INSERT INTO MODEL (brand_id, name, start_year, end_year, engine_type, horsepower, class, body_style) VALUES
(1, 'F40', 1987, 1992, 'V8 Twin-Turbo', 471, 'Supercar', 'Coupe'),
(1, '250 GTO', 1962, 1964, 'V12', 300, 'GT', 'Coupe'),
(1, 'Testarossa', 1984, 1991, 'Flat-12', 385, 'GT', 'Coupe'),
(1, 'Enzo', 2002, 2004, 'V12', 651, 'Hypercar', 'Coupe'),
(2, 'Miura', 1966, 1973, 'V12', 350, 'Sports', 'Coupe'),
(2, 'Countach', 1974, 1990, 'V12', 375, 'Supercar', 'Coupe'),
(3, '911 Carrera', 1963, NULL, 'Flat-6', 130, 'Sports', 'Coupe'),
(4, 'F1', 1992, 1998, 'V12', 618, 'Hypercar', 'Coupe'),
(5, 'Chiron', 2016, 2022, 'W16', 1500, 'Hypercar', 'Coupe'),
(6, 'DB5', 1963, 1965, 'L6', 282, 'GT', 'Coupe'),
(7, '300 SL', 1954, 1957, 'L6', 215, 'Sports', 'Coupe'),
(8, 'M1', 1978, 1981, 'L6', 273, 'Sports', 'Coupe'),
(11, 'E-Type', 1961, 1975, 'L6', 265, 'Sports', 'Roadster'),
(14, 'Zonda', 1999, 2011, 'V12', 400, 'Hypercar', 'Coupe'),
(17, 'GT40', 1964, 1969, 'V8', 485, 'Race', 'Coupe'),
(18, 'Corvette C2', 1963, 1967, 'V8', 250, 'Sports', 'Coupe'),
(19, '2000GT', 1967, 1970, 'L6', 150, 'Sports', 'Coupe'),
(20, 'GT-R R34', 1999, 2002, 'L6', 276, 'Sports', 'Coupe'),
(10, 'Spider Duetto', 1966, 1994, 'L4', 109, 'Convertible', 'Roadster'),
(13, 'Continental R', 1991, 2003, 'V8', 325, 'Luxury', 'Coupe');

INSERT INTO MODEL_DESIGNER (model_id, designer_id, design_part) VALUES
(8, 2, 'full'),
(8, 3, 'exterior'),
(5, 1, 'full'),
(6, 1, 'full'),
(1, 5, 'exterior'),
(2, 8, 'full'),
(3, 5, 'full'),
(4, 13, 'full'),
(7, 19, 'full'),
(9, 13, 'full'),
(10, 11, 'exterior'),
(11, 10, 'full'),
(12, 4, 'full'),
(13, 9, 'full'),
(14, 7, 'full'),
(15, 17, 'full'),
(16, 20, 'exterior'),
(17, 4, 'full'),
(18, 20, 'full'),
(19, 11, 'exterior');

INSERT INTO COLLECTOR (first_name, last_name, country, city) VALUES
('Jay', 'Leno', 'USA', 'Burbank'),
('Ralph', 'Lauren', 'USA', 'New York'),
('Jerry', 'Seinfeld', 'USA', 'New York'),
('Nick', 'Mason', 'UK', 'London'),
('Ken', 'Lingenfelter', 'USA', 'Brighton'),
('Magnus', 'Walker', 'UK', 'Los Angeles'),
('David', 'Lee', 'USA', 'Los Angeles'),
('Gordon', 'Ramsey', 'UK', 'London'),
('Lewis', 'Hamilton', 'UK', 'Monaco'),
('Cristiano', 'Ronaldo', 'Portugal', 'Lisbon'),
('Manny', 'Khoshbin', 'USA', 'Irvine'),
('Rowan', 'Atkinson', 'UK', 'Oxford'),
('Miles', 'Collier', 'USA', 'Naples'),
('Lawrence', 'Stroll', 'Canada', 'Montreal'),
('Horacio', 'Pagani', 'Italy', 'Modena'),
('Bruce', 'Meyer', 'USA', 'Beverly Hills'),
('Rob', 'Walton', 'USA', 'Bentonville'),
('Evert', 'Louwman', 'Netherlands', 'The Hague'),
('James', 'Glickenhaus', 'USA', 'Sleepy Hollow'),
('Khalid', 'Abdul Rahim', 'Bahrain', 'Manama');

INSERT INTO CAR (model_id, current_collector_id, production_year, mileage, condition_state, color, interior_color, notes) VALUES
(1, 1, 1990, 1500, 'Mint', 'Red', 'Red', 'Jay Lenos first F40'),
(1, 2, 1989, 5000, 'Excellent', 'Red', 'Black', 'Ralph Laurens F40'),
(1, 4, 1991, 12000, 'Good', 'Red', 'Red', 'Nick Masons F40'),
(2, 1, 1963, 25000, 'Restored', 'Silver', 'Blue', 'Rare GTO owned by Leno'),
(5, 3, 1970, 18000, 'Excellent', 'Green', 'Beige', 'Seinfelds Miura'),
(8, 12, 1995, 10000, 'Excellent', 'Deep Purple', 'Grey', 'Rowan Atkinsons F1'),
(8, 1, 1994, 2000, 'Mint', 'Silver', 'Black', 'Lenos McLaren F1'),
(15, 14, 1966, 30000, 'Restored', 'Gulf Blue', 'Black', 'Le Mans history'),
(7, 6, 1973, 85000, 'Good', 'White', 'Black', 'Magnus Walkers 911'),
(10, 1, 1964, 40000, 'Excellent', 'Silver', 'Black', 'Lenos Aston Martin'),
(18, 11, 2002, 5000, 'Mint', 'Blue', 'Black', 'Manny Khoshbin GT-R'),
(4, 9, 2003, 800, 'Mint', 'Red', 'Black', 'Hamiltons Enzo'),
(9, 10, 2020, 100, 'Mint', 'Black', 'White', 'Ronaldo Chiron'),
(6, 7, 1985, 20000, 'Excellent', 'White', 'Blue', 'David Lee Countach'),
(14, 15, 2005, 1200, 'Mint', 'Carbon', 'Red', 'Horacios personal Zonda'),
(17, 16, 1967, 15000, 'Excellent', 'Blue', 'Black', 'Bruce Meyers 2000GT'),
(3, 13, 1988, 4000, 'Excellent', 'White', 'Black', 'Collier Collection'),
(11, 18, 1965, 22000, 'Excellent', 'Green', 'Tan', 'Louwman Museum'),
(12, 19, 1980, 5000, 'Good', 'White', 'Black', 'Glickenhaus M1'),
(20, 20, 1995, 35000, 'Good', 'Green', 'Beige', 'Bentley GT');

INSERT INTO AUCTION_LOT (car_id, seller_id, buyer_id, lot_number, date_start, date_finish, estimated_price_min, estimated_price_max, sold_price, status) VALUES
(6, 12, NULL, 106, '2022-01-01', '2022-01-02', 15000000, 20000000, NULL, 'Passed'),
(6, 12, 1, 206, '2023-01-01', '2023-01-02', 15000000, 20000000, 18000000, 'Sold'),
(1, 5, 1, 101, '2023-05-10', '2023-05-11', 2000000, 2500000, 2400000, 'Sold'),
(2, 6, 2, 102, '2023-06-15', '2023-06-16', 2200000, 2800000, 2650000, 'Sold'),
(3, 7, 4, 103, '2023-07-20', '2023-07-21', 1800000, 2200000, 2100000, 'Sold'),
(5, 8, 3, 105, '2023-08-12', '2023-08-13', 1500000, 2000000, 1900000, 'Sold'),
(8, 10, 14, 108, '2023-09-01', '2023-09-02', 10000000, 15000000, 12000000, 'Sold'),
(10, 13, 1, 110, '2023-10-10', '2023-10-11', 800000, 1200000, 1100000, 'Sold'),
(4, 15, 1, 104, '2023-11-05', '2023-11-06', 40000000, 50000000, 48000000, 'Sold'),
(11, 20, 11, 111, '2023-12-01', '2023-12-02', 200000, 350000, 310000, 'Sold'),
(12, 2, 9, 112, '2024-01-15', '2024-01-16', 3000000, 4000000, 3800000, 'Sold'),
(13, 19, 10, 113, '2024-02-10', '2024-02-11', 2500000, 3500000, 3200000, 'Sold'),
(14, 18, 7, 114, '2024-03-05', '2024-03-06', 500000, 800000, 750000, 'Sold'),
(15, 17, 15, 115, '2024-04-12', '2024-04-13', 2000000, 3000000, 2800000, 'Sold'),
(16, 16, 16, 116, '2024-05-20', '2024-05-21', 1000000, 1500000, NULL, 'Passed'),
(17, 14, 13, 117, '2024-06-01', '2024-06-02', 200000, 300000, 250000, 'Sold'),
(18, 4, 18, 118, '2024-07-14', '2024-07-15', 1000000, 1500000, 1350000, 'Sold'),
(19, 3, 19, 119, '2024-08-10', '2024-08-11', 400000, 600000, 580000, 'Sold'),
(20, 2, 20, 120, '2024-09-20', '2024-09-21', 100000, 200000, 150000, 'Sold'),
(9, 6, 6, 109, '2024-10-05', '2024-10-06', 150000, 250000, 210000, 'Sold');
